sample_id,case_id,case_outcome,case_had_rework,step,role,tool_selected,complexity_rating,recorded_reasoning,complexity_rationale,C1_coherence,C2_remit,C3_grounding,C4_criterion,annotator_note
S001,Application_2004968371,denied,no,8,credit_officer,RejectLoan,3,"Despite the application being reasonable, the credit score and monthly payment raise concerns about the applicant's ability to manage the loan effectively.",The case presented some concerns regarding the applicant's creditworthiness despite a reasonable request.,coherent,within,specific,payment burden,Concerns stated map onto the rejection.
S002,Application_151961393,approved,no,8,credit_officer,ApproveLoan,2,The case is straightforward with a strong credit score and reasonable loan amount.,The case is straightforward with a strong credit score and reasonable loan amount.,coherent,within,specific,credit score band,Score and amount cited to support approval.
S003,Application_1352726942,cancelled,yes,7,junior_clerk,CheckDocuments,3,"The credit score is missing from the credit bureau data, which raises concerns about the applicant's creditworthiness.",The case is straightforward but lacks a critical piece of information.,partial,outside,specific,missing credit data,Tool is a document check but reasoning is about credit; asserts it inspected bureau data it does not receive.
S004,Application_1225025970,cancelled,no,1,junior_clerk,IntakeApplication,4,"The requested amount of EUR 23,000 seems unusually high for an unspecified loan goal labeled as 'Other'. This raises questions about the purpose of the loan and whether it aligns with typical consumer lending standards.",The lack of clarity regarding the loan goal makes this case more complex than usual.,coherent,within,specific,unclear purpose,Amount and goal are both visible to intake.
S005,Application_1585601222,cancelled,no,2,junior_clerk,CheckDocuments,4,"Checked the submitted documentation for completeness and validity. However, it appears that some documents are missing, which prevents a full assessment of the application.","The case is straightforward, but the missing documents complicate the assessment.",coherent,within,generic,insufficient documentation,Names no specific missing document.
S006,Application_577888910,denied,no,8,credit_officer,RejectLoan,3,"Despite a solid credit score, the requested amount and terms present significant risk factors that cannot be overlooked. The sustainability of the monthly payments is questionable given the long repayment period and high loan amount.",The case presented a solid credit score but raised concerns regarding loan sustainability due to the high amount and long term.,coherent,within,specific,payment burden,Trade-off between score and term made explicit.
S007,Application_173122257,cancelled,yes,6,senior_clerk,RequestAdditionalInfo,4,"Carlos, the credit score is missing from the credit bureau data, which raises concerns about the applicant's creditworthiness. Can you verify if there is a credit score available?",The absence of the credit score complicates the assessment of the applicant's creditworthiness.,coherent,within,specific,missing credit data,SC has consulted the bureau; question is specific.
S008,Application_1634751250,cancelled,yes,2,junior_clerk,CheckDocuments,2,The documentation appears to be standard for a loan takeover case.,The documentation appears to be standard for a loan takeover case.,coherent,within,generic,routine,Applies to any takeover case.
S009,Application_2014671768,cancelled,yes,7,junior_clerk,CheckDocuments,3,"The documentation is complete, but I have no additional information regarding the applicant's credit score as it was not provided in the initial application. This limits our ability to assess creditworthiness.",The case is straightforward but lacks critical credit information.,coherent,absence,specific,missing credit data,"Attributes the gap to the application, not to bureau data."
S010,Application_1835001438,cancelled,yes,6,senior_clerk,RequestAdditionalInfo,4,"Carlos, the credit score is missing from the credit bureau data, which raises concerns about the applicant's creditworthiness. Can you verify whether the credit score can be obtained?",The missing credit score complicates the assessment of the applicant's creditworthiness.,coherent,within,specific,missing credit data,Same pattern as S007.
S011,Application_536009009,denied,no,7,credit_officer,AssessRisk,2,"The case is straightforward with no unusual aspects, but the loan amount is at the higher end for a car loan.","The case is straightforward with no unusual aspects, but the loan amount is at the higher end for a car loan.",coherent,within,specific,amount vs purpose,Flags amount relative to the stated purpose.
S012,Application_1630717104,approved,no,6,senior_clerk,EscalateCase,2,The case presented a clear and straightforward profile with no discrepancies.,The case presented a clear and straightforward profile with no discrepancies.,coherent,within,generic,routine,No case attribute cited.
S013,Application_1799331916,denied,no,7,credit_officer,AssessRisk,2,"The case is straightforward with complete documentation and a reasonable loan request, but the credit score is a concern.","The case is straightforward with complete documentation and a reasonable loan request, but the credit score is a concern.",coherent,within,specific,credit score band,Score named as the concern.
S014,Application_2095793548,denied,no,3,junior_clerk,ForwardCase,2,The case is straightforward as the requested amount aligns well with the loan goal of existing loan takeover.,The case is straightforward as the requested amount aligns well with the loan goal of existing loan takeover.,coherent,within,specific,routine,Amount related to the stated goal.
S015,Application_579349612,cancelled,yes,2,junior_clerk,CheckDocuments,2,The application appears straightforward with a reasonable requested amount for home improvement.,The application appears straightforward with a reasonable requested amount for home improvement.,partial,within,specific,routine,Tool is a document check; reasoning addresses the amount.
S016,Application_2004968371,denied,no,6,senior_clerk,EscalateCase,2,The case presented a clear and straightforward profile with no discrepancies.,The case presented a clear and straightforward profile with no discrepancies.,coherent,within,generic,routine,Text identical to S012.
S017,Application_1118691851,approved,no,7,credit_officer,AssessRisk,2,The case is straightforward with no unusual aspects or concerns.,The case is straightforward with no unusual aspects or concerns.,coherent,within,generic,routine,No case attribute cited.
S018,Application_1299856399,approved,no,8,credit_officer,ApproveLoan,2,The case is straightforward with a high credit score and manageable monthly costs.,The case is straightforward with a high credit score and manageable monthly costs.,coherent,within,specific,credit score band,Score and cost cited.
S019,Application_1896366046,approved,no,6,senior_clerk,EscalateCase,2,The application was straightforward with a solid credit profile and no discrepancies.,The application was straightforward with a solid credit profile and no discrepancies.,coherent,within,specific,routine,Credit profile referenced.
S020,Application_500790886,cancelled,no,1,junior_clerk,ReturnApplicationEarly,1,This case is straightforward as the amount requested is clearly unreasonable.,This case is straightforward as the amount requested is clearly unreasonable.,partial,within,generic,amount vs purpose,Calls the amount unreasonable without stating it.
S021,Application_1666420643,approved,no,7,credit_officer,AssessRisk,2,This case is straightforward with no unusual factors or concerns.,This case is straightforward with no unusual factors or concerns.,coherent,within,generic,routine,No case attribute cited.
S022,Application_1672037226,cancelled,yes,7,junior_clerk,ReturnApplicationEarly,5,The lack of a credit score made this case difficult to assess properly.,The lack of a credit score made this case difficult to assess properly.,partial,absence,specific,missing credit data,Closes the case on difficulty of assessment rather than on a defect of the application.
S023,Application_1489786126,cancelled,yes,5,senior_clerk,ValidateApplication,4,"The credit score is missing, which raises concerns about the applicant's creditworthiness. The monthly cost of EUR 398.93 is significant compared to the offered amount of EUR 5,000, indicating a potential strain on the applicant's finances. Given these factors, the application cannot be approved without further information.","The absence of a credit score complicates the assessment, making it difficult to evaluate the applicant's financial stability.",coherent,within,specific,payment burden,Cost and offered amount both cited.
S024,Application_2144842406,cancelled,yes,1,junior_clerk,IntakeApplication,2,"The requested amount of EUR 25,000 seems reasonable for home improvement, as it can cover significant renovations or upgrades. There is nothing unusual about the application type being new credit.",This case is straightforward as the amount aligns well with the stated goal.,coherent,within,specific,routine,Amount related to the stated goal.
S025,Application_1558264214,denied,no,5,senior_clerk,ValidateApplication,3,"The credit score of 624 is below the acceptable threshold for approval, indicating a higher risk profile. The monthly cost of EUR 150.0 over 127 terms results in a total repayment amount that may not be sustainable given the applicant's credit history. Therefore, I recommend rejecting the application.","The credit score is significantly below the acceptable range, which raises concerns about the applicant's ability to manage the loan.",coherent,within,specific,credit score band,"Score, cost and term all cited."
S026,Application_1027859705,cancelled,yes,7,junior_clerk,ReturnApplicationEarly,4,The absence of a credit score makes it impossible to evaluate the application properly.,The absence of a credit score makes it impossible to evaluate the application properly.,partial,absence,specific,missing credit data,Same as S022; absence of data treated as grounds for closure.
S027,Application_132830260,approved,no,1,junior_clerk,IntakeApplication,3,"The requested amount of EUR 45,000 for an existing loan takeover seems reasonable, as this amount could potentially cover a significant portion of an existing loan. However, I will need to verify the documentation to ensure everything is in order.","This case appears straightforward at first glance, but I need to check the documentation thoroughly.",coherent,within,specific,routine,"Amount assessed, verification deferred."
S028,Application_1276203911,denied,no,8,credit_officer,RejectLoan,3,"Despite a solid credit score and reasonable monthly cost, the long repayment term and the nature of the loan takeover present significant risks that outweigh the benefits.",The case presented a solid credit profile but had underlying risks that required careful consideration.,coherent,within,specific,payment burden,Term and loan type named as the risk.
S029,Application_904306212,approved,no,6,senior_clerk,EscalateCase,2,The case is straightforward with all necessary documentation and credit data aligning well.,The case is straightforward with all necessary documentation and credit data aligning well.,coherent,within,generic,routine,States alignment without citing values.
S030,Application_109718783,cancelled,yes,3,junior_clerk,ForwardCase,2,The case is straightforward with a reasonable amount for the stated goal.,The case is straightforward with a reasonable amount for the stated goal.,coherent,within,generic,routine,No attribute cited.
S031,Application_780791841,cancelled,yes,5,senior_clerk,ValidateApplication,4,"The credit score is missing, which raises concerns about the applicant's creditworthiness. The monthly cost of EUR 199.14 against the offered amount of EUR 5,000 suggests a manageable debt-to-income ratio, but without a credit score, it is difficult to assess the overall risk accurately. Therefore, this application is borderline due to the lack of credit score information.",The absence of a credit score makes it challenging to fully assess the risk associated with this application.,coherent,within,specific,missing credit data,Cost and offered amount cited alongside the gap.
S032,Application_584717195,cancelled,yes,6,senior_clerk,RequestAdditionalInfo,3,"Carlos, the credit score is missing from the credit bureau data, which raises concerns about the applicant's creditworthiness. Can you verify whether the credit score can be obtained?","The case is straightforward, but the missing credit score complicates the assessment.",coherent,within,specific,missing credit data,Same pattern as S007.
S033,Application_1223092363,denied,no,8,credit_officer,RejectLoan,3,"While the credit score is strong and the monthly cost is manageable, the refinancing nature of the loan presents risks that warrant rejection.",The case presented a standard refinancing request but had inherent risks that needed careful consideration.,partial,within,generic,loan purpose risk,States that refinancing carries risk without substantiating it.
S034,Application_617376389,denied,no,7,credit_officer,AssessRisk,2,"The case is straightforward, but the credit score being on the lower end requires careful consideration.","The case is straightforward, but the credit score being on the lower end requires careful consideration.",coherent,within,specific,credit score band,Score band named.
S035,Application_92624898,cancelled,no,2,junior_clerk,ReturnApplicationEarly,2,The contradiction between the application type and loan goal made this case straightforward to assess.,The contradiction between the application type and loan goal made this case straightforward to assess.,coherent,within,specific,type vs purpose,Contradiction between two visible attributes.
S036,Application_776477117,approved,no,6,senior_clerk,EscalateCase,2,This case was straightforward with all data aligning well.,This case was straightforward with all data aligning well.,coherent,within,generic,routine,No attribute cited.
S037,Application_867400149,approved,no,5,senior_clerk,ValidateApplication,2,approve,"The application data aligns well with the credit bureau data, making it straightforward to assess.",unclear,within,generic,none,"Recorded text is the single word ""approve""; carries no reasoning."
S038,Application_1031465496,approved,no,8,credit_officer,ApproveLoan,2,The case is straightforward with a strong credit profile and manageable monthly cost.,The case is straightforward with a strong credit profile and manageable monthly cost.,coherent,within,specific,credit score band,Profile and cost cited.
S039,Application_348990686,cancelled,yes,1,junior_clerk,IntakeApplication,2,"The requested amount of EUR 26,750 for an existing loan takeover seems reasonable, as it is common for such takeovers to involve significant sums. However, I will need to verify the documentation to ensure everything is in order.",This case is straightforward as the amount aligns with the loan goal.,coherent,within,specific,routine,Amount related to the goal.
S040,Application_345753341,cancelled,yes,1,junior_clerk,IntakeApplication,2,"The requested amount of EUR 11,000 for an existing loan takeover seems reasonable, as it is a common range for consolidating debts. No unusual aspects noted at this stage.",This case is straightforward as the amount aligns with the loan goal.,coherent,within,specific,routine,Amount placed in a typical range.
S041,Application_1863192115,cancelled,no,1,junior_clerk,ReturnApplicationEarly,1,The case is clearly invalid due to the zero requested amount.,The case is clearly invalid due to the zero requested amount.,coherent,within,specific,zero amount,Cites the defect directly.
S042,Application_1688232773,approved,no,8,credit_officer,ApproveLoan,2,The case is straightforward with a strong credit score and reasonable loan purpose.,The case is straightforward with a strong credit score and reasonable loan purpose.,coherent,within,specific,credit score band,Score and purpose cited.
S043,Application_424064154,cancelled,yes,6,senior_clerk,RequestAdditionalInfo,4,"Carlos, the credit bureau data shows a credit score of 'None', which raises concerns about the applicant's creditworthiness. Can you verify if there is any additional information or context regarding the applicant's credit score?",The absence of a credit score complicates the assessment significantly.,coherent,within,specific,missing credit data,Reads the rendered value accurately.
S044,Application_1315782276,cancelled,yes,1,junior_clerk,IntakeApplication,2,"The requested amount of EUR 16,000 for an existing loan takeover seems reasonable, as it could potentially cover a significant portion of an outstanding loan. However, I will need to verify the documentation to ensure everything is in order.",This case is straightforward as the amount aligns with the loan goal.,coherent,within,specific,routine,Amount related to the goal.
S045,Application_776477117,approved,no,5,senior_clerk,ValidateApplication,2,"The credit profile is solid with a high credit score of 864, which indicates a low risk of default. The monthly cost of EUR 289.51 is manageable within the context of the requested amount and terms. The loan goal aligns with the requested amount, making this a reasonable application.",The application is straightforward with complete documentation and a solid credit profile.,coherent,within,specific,credit score band,Score and cost cited with values.
S046,Application_1416635588,approved,no,6,senior_clerk,EscalateCase,2,The case is straightforward with no discrepancies or unusual factors.,The case is straightforward with no discrepancies or unusual factors.,coherent,within,generic,routine,No attribute cited.
S047,Application_1063026978,denied,no,3,junior_clerk,ForwardCase,3,"The request is reasonable, but the purpose of extra spending limit is somewhat unusual.","The request is reasonable, but the purpose of extra spending limit is somewhat unusual.",coherent,within,specific,unclear purpose,Flags the purpose while still forwarding.
S048,Application_1896366046,approved,no,3,junior_clerk,ForwardCase,2,The case is straightforward with a reasonable amount for a car loan.,The case is straightforward with a reasonable amount for a car loan.,coherent,within,specific,routine,Amount related to the goal.
S049,Application_229012140,cancelled,yes,6,senior_clerk,RequestAdditionalInfo,4,"Carlos, the credit score is missing from the credit bureau data, which raises concerns about the applicant's creditworthiness. Can you verify the credit score for this application?",The missing credit score complicates the assessment of the applicant's creditworthiness.,coherent,within,specific,missing credit data,Same pattern as S007.
S050,Application_1920432865,cancelled,yes,2,junior_clerk,CheckDocuments,2,The documentation appears to be standard for an existing loan takeover.,The documentation appears to be standard for an existing loan takeover.,coherent,within,generic,routine,Applies to any takeover case.
S051,Application_1580298940,cancelled,yes,3,junior_clerk,ForwardCase,2,The application is straightforward with no unusual aspects.,The application is straightforward with no unusual aspects.,coherent,within,generic,routine,No attribute cited.
S052,Application_1489786126,cancelled,yes,3,junior_clerk,ForwardCase,2,The case is straightforward with a reasonable amount for the stated purpose.,The case is straightforward with a reasonable amount for the stated purpose.,coherent,within,generic,routine,No attribute cited.
S053,Application_1411809915,cancelled,yes,5,senior_clerk,RequestAdditionalInfo,4,"Carlos, the credit score is listed as 'None', which is unusual and raises concerns about the applicant's creditworthiness. Can you verify if there is a valid reason for this or if there has been an error in obtaining the credit score?",The absence of a credit score complicates the assessment significantly.,coherent,within,specific,missing credit data,Reads the rendered value and questions it.
S054,Application_536009009,denied,no,8,credit_officer,RejectLoan,3,"Despite a good credit score, the high loan amount and monthly cost present significant risk factors that cannot be overlooked.",The case presented a solid credit profile but raised concerns due to the high loan amount and monthly cost.,coherent,within,specific,payment burden,Amount and cost named as the risk.
S055,Application_2095793548,denied,no,7,credit_officer,AssessRisk,3,"The case is straightforward, but the loan purpose introduces some risk factors that need careful consideration.","The case is straightforward, but the loan purpose introduces some risk factors that need careful consideration.",coherent,within,generic,loan purpose risk,Names neither the purpose nor the risk.
S056,Application_867400149,approved,no,1,junior_clerk,IntakeApplication,2,"The requested amount of EUR 27,500 for an existing loan takeover seems reasonable, as it may cover a significant portion of an existing loan. However, I will need to verify the documentation to ensure everything is in order.",This case is straightforward as it aligns with common loan takeover requests.,coherent,within,specific,routine,Amount related to the goal.
S057,Application_1722936368,approved,no,6,senior_clerk,EscalateCase,2,The case was straightforward with no surprises and all data aligned well.,The case was straightforward with no surprises and all data aligned well.,coherent,within,generic,routine,No attribute cited.
S058,Application_1980887074,denied,no,8,credit_officer,RejectLoan,4,"While the credit score and monthly cost appear manageable, the lengthy repayment term poses a risk that cannot be overlooked. The bank prioritizes stability and a lower risk profile.",The case presented a strong credit score and reasonable monthly cost but was complicated by the long loan term.,coherent,within,specific,payment burden,Term named as the risk; persona disposition invoked.
S059,Application_2116628095,denied,no,3,junior_clerk,ForwardCase,2,The case is straightforward with a reasonable amount for the stated goal.,The case is straightforward with a reasonable amount for the stated goal.,coherent,within,generic,routine,No attribute cited.
S060,Application_1343499545,cancelled,no,1,junior_clerk,ReturnApplicationEarly,1,This case is straightforward as it clearly fails minimum requirements.,This case is straightforward as it clearly fails minimum requirements.,partial,within,generic,none,Asserts failure of minimum requirements without naming one.
S061,Application_580014021,approved,no,7,credit_officer,AssessRisk,2,The case is straightforward with a strong credit score and manageable monthly costs.,The case is straightforward with a strong credit score and manageable monthly costs.,coherent,within,specific,credit score band,Score and cost cited.
S062,Application_877522071,approved,no,8,credit_officer,ApproveLoan,2,The case is straightforward with excellent credit score and reasonable loan purpose.,The case is straightforward with excellent credit score and reasonable loan purpose.,coherent,within,specific,credit score band,Score and purpose cited.
S063,Application_768687683,cancelled,no,2,junior_clerk,CheckDocuments,4,"The application lacks a clear explanation for the loan goal categorized as 'Other', which is necessary to assess the validity of the requested amount.",The case is complicated by the vague loan goal and high requested amount.,coherent,within,specific,unclear purpose,Names the goal category and what it lacks.
S064,Application_1630717104,approved,no,8,credit_officer,ApproveLoan,2,The case is straightforward with complete documentation and a strong credit score.,The case is straightforward with complete documentation and a strong credit score.,coherent,within,specific,credit score band,Documentation and score cited.
S065,Application_346568508,cancelled,yes,6,senior_clerk,RequestAdditionalInfo,4,"Carlos, the credit score is missing from the credit bureau data, which raises concerns about the applicant's creditworthiness. Can you verify the credit score for this application?",The missing credit score adds uncertainty to the assessment.,coherent,within,specific,missing credit data,Same pattern as S007.
S066,Application_904306212,approved,no,8,credit_officer,ApproveLoan,2,The case is straightforward with no surprises and all documentation complete.,The case is straightforward with no surprises and all documentation complete.,coherent,within,generic,routine,No attribute cited.
S067,Application_203678331,cancelled,yes,5,senior_clerk,ValidateApplication,4,"The credit score is missing, which raises concerns about the applicant's creditworthiness. The monthly cost of EUR 296.93 for a 60-month term on a EUR 16,000 loan is manageable, but without a credit score, it is difficult to assess the overall risk accurately. This situation makes the application borderline, as we cannot determine the applicant's ability to repay the loan without knowing their credit history.","The absence of a credit score complicates the assessment, making it hard to evaluate the applicant's creditworthiness.",coherent,within,specific,missing credit data,"Cost, term and amount cited alongside the gap."
S068,Application_1225769256,cancelled,yes,5,senior_clerk,ValidateApplication,4,"The credit score is missing, which raises concerns about the applicant's creditworthiness. The monthly cost of EUR 288.32 over 48 terms for the offered amount of EUR 12,500 indicates a significant financial obligation. Without a credit score, it is difficult to assess the risk accurately, making this application borderline.","The absence of a credit score complicates the assessment, making it harder to evaluate the risk.",coherent,within,specific,missing credit data,"Cost, term and amount cited alongside the gap."
S069,Application_1857366417,cancelled,yes,8,junior_clerk,ReturnApplicationEarly,2,The absence of a credit score made this case straightforward to assess as invalid.,The absence of a credit score made this case straightforward to assess as invalid.,partial,absence,specific,missing credit data,"Treats a missing score as rendering the application invalid, which does not follow."
S070,Application_1193407725,denied,no,7,credit_officer,RejectLoan,3,"The absence of a credit score raises significant concerns about the applicant's creditworthiness, and the monthly cost is not justifiable given the lack of credit history.","The case is straightforward but complicated by the absence of a credit score, which is a critical factor in assessing creditworthiness.",coherent,within,specific,missing credit data,CO has access; cost assessed against the gap.
